question,timestamp,model_Chain of Thought_llama3-70b-8192,model_Chain of Thought_mistral-saba-24b,model_Chain of Thought_qwen-2.5-32b
Tab2 - Chain of Thought - ðŸ”’ Security Breach Protocol,2025-03-21 02:35:07,"Here's my step-by-step reasoning:

Step 1: The device shows increased battery usage. This could be due to various reasons, including legitimate app usage or background processes. No conclusive evidence of compromise yet.

Step 2: The device initiates several connections to various IP addresses. This could indicate suspicious activity, as it may suggest communication with unknown or untrusted entities. However, it's still possible that these connections are legitimate, such as updates or cloud syncing.

Step 3: Some unfamiliar apps appear to be installed. This is a strong indication of potential compromise, as it suggests that unauthorized software may have been installed without the user's knowledge or consent.

Considering these steps, I conclude that:

YES","Let's break down the situation step by step:

1. **Battery Usage**: Increased battery usage can be a sign of malicious activity, as malware often runs in the background, consuming more power.
2. **Connections to IP Addresses**: Unauthorized connections to various IP addresses can indicate that the device is communicating with a command and control server, which is often a sign of malware.
3. **Unfamiliar Apps**: The presence of unfamiliar apps can suggest that the device has been tampered with, as these could be malicious applications.

Considering these factors, the answers are:

- Yes, the device shows clear evidence of being compromised.","Yes. 

Here's the step-by-step reasoning:

1. Increased battery usage: This can indicate that the device is performing more tasks than usual, possibly due to malicious background processes.
2. Initiating several connections to various IP addresses: This suggests that the device is communicating with external servers, which might be a behavior of malware trying to send data out or receive instructions.
3. Unfamiliar apps appearing: Unrecognized applications installed without user knowledge or consent is a clear sign that the device might have been compromised.

Considering these three points, the device shows clear evidence of being compromised."
